{
  "item_id": 900006,
  "ts_start": 1772894700,
  "ts_end": 1772895000,
  "peak_ts": 1772894700,
  "score": 18.90269691644692,
  "top_detector": "forecast",
  "kind_guess": "rmt_spike",
  "evidence": {
    "vol_z_peak": 2.023472278429786,
    "ret6_peak": 2.1661181632481092,
    "px_ratio_peak": 8.536155275298972,
    "spread_z_peak": 1.0372962979331597,
    "near_update": false,
    "impact_note": "~103,501 gp turnover during a +775.6% peak excursion (-1.3% net over the window) versus the pre-episode price."
  },
  "generated_ts": 1781459945
}